Task ID,Description,Category,Priority,Assigned To
1,Fix login issue on website,Bug,High,Alice
2,Resolve checkout error during payment,Bug,High,Charlie
3,Correct broken image links,Bug,High,Bob
4,Address app crash on startup,Bug,High,Alice
5,Fix data sync failure,Bug,Medium,Alice
6,Repair API endpoint timeout,Bug,Medium,Bob
7,Fix memory leak in background process,Bug,Medium,Charlie
8,Resolve UI freezing on scroll,Bug,Low,Charlie
9,Correct permission denied errors,Bug,Medium,Eve
10,Fix email notification not sending,Bug,Low,David
11,Implement new user onboarding flow,Feature,Low,David
12,Add multi-language support,Feature,Medium,Bob
13,Develop push notification feature,Feature,High,Charlie
14,Create advanced search functionality,Feature,Low,Eve
15,Build dark mode theme,Feature,Medium,David
16,Add export to PDF functionality,Feature,High,Charlie
17,Integrate third-party payment gateway,Feature,Low,Bob
18,Create bulk upload feature,Feature,Low,David
19,Enable user profile customization,Feature,High,Charlie
20,Implement 2FA security system,Feature,High,Alice
21,Generate monthly sales report,Analytics,High,Alice
22,Analyze customer churn rate,Analytics,Medium,Eve
23,Create dashboard for KPI tracking,Analytics,Low,Bob
24,Develop conversion funnel analysis,Analytics,High,Bob
25,Visualize year-over-year revenue trends,Analytics,High,Bob
26,Build real-time analytics dashboard,Analytics,High,David
27,Analyze marketing campaign performance,Analytics,High,Charlie
28,Produce user engagement heatmap,Analytics,Low,Alice
29,Segment users by behavior,Analytics,Low,Charlie
30,Create predictive sales forecasting model,Analytics,High,Eve
31,Write blog post on AI trends,Content,Low,Bob
32,Draft monthly newsletter content,Content,Low,Alice
33,Create tutorial for new features,Content,Low,David
34,Develop FAQ knowledge base articles,Content,High,Bob
35,Prepare social media campaign text,Content,High,Bob
36,Edit product documentation for release,Content,Low,Charlie
37,Design infographics for product launch,Content,High,Bob
38,Write case study for client success,Content,Medium,Charlie
39,Research competitor product features,Content,Medium,Charlie
40,Curate weekly industry news highlights,Content,Low,Charlie
41,Design homepage mockup,Design,Low,Charlie
42,Create mobile app icon set,Design,Low,Eve
43,Develop new logo concepts,Design,High,Charlie
44,Redesign user onboarding screens,Design,Low,Eve
45,Design marketing email templates,Design,Medium,Eve
46,Create social media banner graphics,Design,High,David
47,Design product feature illustration,Design,High,Charlie
48,Revamp dashboard UI components,Design,High,David
49,Develop responsive website layout,Design,Medium,Eve
50,Create printable flyers for event,Design,Medium,Bob
